Id,Pawpularity
4128bae22183829d2b5fea10effdb0c3,35.55998909148365
43a2262d7738e3d420d453815151079e,37.223824398530546
4e429cead1848a298432a0acad014c9d,39.99207021098212
80bc3ccafcc51b66303c2c263aa38486,34.9110692868748
8f49844c382931444e68dffbe20228f4,32.7834604125028
b03f7041962238a7c9d6537e22f9b017,43.520848070561804
c978013571258ed6d4637f6e8cc9d6a3,33.214461075812494
e0de453c1bffc20c22b072b34b54e50f,33.620944815244194
